txID,tips,arrival_time,agent,adoption_rate,block_transactions,agent_1,agent_2,agent_3,agent_4,agent_5,agent_6,agent_7,agent_8,agent_9,agent_10
1,[0],8.14720553242773,[3],0.9990009990009991,[1],16.831063135385133,34.62995257695478,54.844718628601875,<module 'time' (built-in)>,29.864541446386497,57.29480445220875,31.44333080038835,50.06744327616436,34.62995257695478,19.52810608472582
2,[0],8.311490502044123,[0],0.49975012493753124,"[7, 5]",<module 'time' (built-in)>,23.60011707489501,10.57140913250138,16.831063135385133,29.864541446386497,57.29480445220875,31.44333080038835,26.1643856262619,31.44333080038835,10.57140913250138
3,[2],14.490308793561134,[0],0.6664445184938355,"[7, 5]",<module 'time' (built-in)>,34.62995257695478,54.844718628601875,16.831063135385133,29.864541446386497,57.29480445220875,31.44333080038835,50.06744327616436,34.62995257695478,19.52810608472582
4,[0],17.617765300398865,[1],0.2499375156210947,[],54.844718628601875,<module 'time' (built-in)>,23.60011707489501,34.62995257695478,44.971257621602525,57.29480445220875,57.29480445220875,26.1643856262619,31.44333080038835,50.06744327616436
5,[0],32.35713910649198,[5],0.1999600079984003,"[18, 1, 24, 6, 3, 22, 4]",85.99372468522662,60.802028874550935,60.802028874550935,91.76270724101184,78.92199250676711,<module 'time' (built-in)>,64.6006955675949,57.29480445220875,67.29476556485822,98.07474873537576
6,"[1, 3]",33.60863854265179,[0],0.6665555740709881,"[7, 10, 4, 26, 17, 1, 5, 13, 23, 6, 3, 16, 21, 15, 20, 8, 9]",<module 'time' (built-in)>,54.844718628601875,54.844718628601875,91.76270724101184,68.2270064814399,57.29480445220875,57.29480445220875,50.06744327616436,60.802028874550935,46.34610432881191
7,[5],35.16217771887058,[5],0.285673475217826,"[18, 1, 24, 6, 3, 22, 4]",85.99372468522662,60.802028874550935,60.802028874550935,91.76270724101184,78.92199250676711,<module 'time' (built-in)>,64.6006955675949,57.29480445220875,67.29476556485822,98.07474873537576
8,"[3, 1, 4]",35.58710286620619,[8],0.6249218847644045,"[19, 7, 29, 10, 14, 27, 12, 11, 1, 5, 13, 2, 8, 9]",60.802028874550935,74.79255432341188,69.45010021035503,101.05099844633149,50.06744327616436,67.29476556485822,91.76270724101184,98.07474873537576,<module 'time' (built-in)>,98.07474873537576
9,[8],38.385596573894205,[8],0.6665926008221309,"[19, 7, 29, 10, 14, 27, 12, 11, 1, 5, 13, 2, 8, 9]",60.802028874550935,74.79255432341188,69.45010021035503,101.05099844633149,50.06744327616436,67.29476556485822,91.76270724101184,98.07474873537576,<module 'time' (built-in)>,98.07474873537576
10,[6],38.96275613008525,[0],0.4999500049995001,"[7, 10, 4, 26, 17, 1, 5, 13, 23, 6, 3, 16, 32, 21, 15, 20, 8, 9]",<module 'time' (built-in)>,54.844718628601875,54.844718628601875,91.76270724101184,68.2270064814399,57.29480445220875,57.29480445220875,50.06744327616436,60.802028874550935,46.34610432881191
11,[10],43.985453599883954,[0],0.545404963185165,"[7, 32, 35, 26, 23, 21, 20, 10, 5, 6, 16, 15, 8, 17, 1, 13, 3, 4, 9]",<module 'time' (built-in)>,54.844718628601875,54.844718628601875,91.76270724101184,68.2270064814399,57.29480445220875,57.29480445220875,50.06744327616436,60.802028874550935,46.34610432881191
12,[11],52.107278376574,[0],0.5832847262728106,"[7, 32, 35, 26, 23, 21, 20, 10, 5, 6, 16, 15, 8, 17, 46, 1, 13, 44, 3, 4, 9]",<module 'time' (built-in)>,54.844718628601875,63.63322806511935,101.05099844633149,68.2270064814399,60.802028874550935,57.29480445220875,98.07474873537576,60.802028874550935,98.07474873537576
13,"[11, 4]",58.07409968405166,[9],0.6153372817475579,"[7, 36, 37, 32, 35, 29, 26, 27, 23, 21, 20, 10, 14, 11, 5, 2, 6, 54, 16, 55, 15, 8, 17, 46, 12, 49, 1, 13, 45, 44, 3, 42, 4, 9]",128.91117458805863,101.05099844633149,98.07474873537576,124.32234426120245,121.36640539797784,98.07474873537576,124.32234426120245,98.07474873537576,113.85253343840759,<module 'time' (built-in)>
14,"[12, 9]",65.340789233105,[8],0.7856581672737661,"[7, 38, 33, 30, 34, 32, 31, 35, 29, 4, 26, 27, 28, 25, 23, 21, 20, 19, 10, 14, 11, 52, 5, 2, 6, 16, 15, 8, 48, 50, 17, 46, 12, 1, 47, 13, 44, 3, 43, 40, 9]",85.99372468522662,74.79255432341188,69.45010021035503,101.05099844633149,78.92199250676711,67.29476556485822,91.76270724101184,98.07474873537576,<module 'time' (built-in)>,98.07474873537576
15,"[7, 14]",67.43699292140018,[5],0.9332711152589828,"[7, 36, 38, 37, 33, 30, 34, 32, 31, 35, 29, 65, 26, 27, 28, 24, 40, 25, 23, 22, 21, 62, 20, 19, 10, 14, 18, 59, 11, 52, 5, 2, 57, 6, 16, 15, 8, 48, 50, 17, 46, 12, 49, 1, 47, 13, 45, 44, 3, 43, 4, 9]",85.99372468522662,74.79255432341188,69.45010021035503,101.05099844633149,78.92199250676711,<module 'time' (built-in)>,91.76270724101184,98.07474873537576,68.2270064814399,98.07474873537576
16,[13],76.78618664827678,[9],0.5624648459471283,"[7, 36, 37, 32, 35, 29, 26, 27, 23, 64, 21, 20, 63, 10, 14, 11, 5, 2, 6, 54, 16, 55, 15, 8, 17, 46, 12, 49, 1, 13, 45, 44, 3, 42, 4, 9]",128.91117458805863,101.05099844633149,98.07474873537576,124.32234426120245,121.36640539797784,98.07474873537576,124.32234426120245,98.07474873537576,113.85253343840759,<module 'time' (built-in)>
17,"[1, 4, 3]",79.58599266744504,[3],0.2941003470384095,"[41, 7, 33, 39, 29, 27, 25, 19, 61, 10, 14, 11, 5, 56, 2, 51, 8, 53, 12, 1, 13, 9]",128.91117458805863,101.05099844633149,98.07474873537576,<module 'time' (built-in)>,111.2463885300124,110.44888494837267,113.85253343840759,91.76270724101184,101.05099844633149,98.07474873537576
18,[15],88.27262950446908,[4],0.8332870396089106,"[69, 7, 36, 38, 37, 75, 33, 30, 34, 32, 74, 31, 71, 35, 79, 29, 65, 26, 68, 27, 28, 40, 24, 73, 25, 23, 22, 21, 62, 20, 19, 10, 60, 14, 58, 18, 59, 11, 52, 5, 2, 57, 6, 54, 16, 55, 15, 8, 48, 50, 17, 46, 12, 49, 1, 47, 13, 77, 45, 72, 44, 3, 42, 43, 4, 9]",128.91117458805863,121.36640539797784,132.5986860538186,111.2463885300124,<module 'time' (built-in)>,121.36640539797784,113.85253343840759,139.5458626069282,154.9074776031904,147.37315348356697
19,[15],93.19676445274094,[0],0.7894321351507815,"[69, 7, 36, 84, 38, 91, 37, 75, 33, 30, 82, 34, 80, 32, 89, 74, 31, 71, 35, 79, 29, 65, 26, 68, 27, 76, 28, 40, 24, 73, 25, 70, 23, 22, 21, 62, 20, 19, 10, 60, 14, 58, 18, 59, 11, 52, 5, 2, 57, 6, 54, 16, 55, 15, 8, 48, 50, 17, 88, 46, 12, 49, 1, 47, 13, 77, 45, 72, 44, 3, 83, 42, 43, 4, 9]",<module 'time' (built-in)>,128.91117458805863,132.5986860538186,152.22364071454106,139.5458626069282,146.9944596021912,154.9074776031904,139.5458626069282,154.9074776031904,150.67280545724108
20,[16],93.97082005933771,[9],0.4999750012499375,"[7, 36, 37, 32, 35, 29, 26, 27, 92, 23, 64, 21, 20, 63, 10, 14, 11, 5, 2, 6, 54, 16, 55, 15, 8, 17, 46, 12, 49, 1, 86, 13, 45, 44, 3, 42, 4, 9]",128.91117458805863,101.05099844633149,98.07474873537576,124.32234426120245,121.36640539797784,98.07474873537576,124.32234426120245,98.07474873537576,113.85253343840759,<module 'time' (built-in)>
21,[15],94.37896893220983,[8],0.7142517022998904,"[7, 87, 36, 38, 37, 33, 30, 85, 34, 32, 31, 71, 35, 29, 4, 65, 26, 68, 27, 28, 24, 73, 25, 78, 23, 22, 21, 96, 62, 20, 19, 10, 14, 18, 59, 11, 52, 5, 2, 57, 6, 54, 16, 55, 15, 8, 48, 50, 17, 46, 12, 49, 1, 47, 13, 45, 44, 3, 42, 43, 40, 9]",128.91117458805863,113.85253343840759,132.5986860538186,101.05099844633149,111.2463885300124,113.85253343840759,113.85253343840759,139.5458626069282,<module 'time' (built-in)>,140.33628489173756
22,[15],94.47148277346174,[6],0.6817871914912959,"[7, 87, 36, 38, 37, 33, 30, 85, 34, 32, 31, 71, 35, 29, 65, 26, 68, 27, 28, 24, 40, 73, 25, 78, 23, 22, 21, 96, 62, 20, 19, 10, 14, 18, 59, 11, 52, 5, 2, 57, 6, 54, 16, 55, 15, 8, 48, 50, 17, 46, 12, 49, 1, 47, 13, 45, 44, 3, 42, 43, 4, 9]",128.91117458805863,124.32234426120245,132.5986860538186,113.85253343840759,134.70926319178017,124.32234426120245,<module 'time' (built-in)>,139.5458626069282,154.9074776031904,147.37315348356697
23,"[17, 11, 7]",94.81675962801543,[3],0.4782400765184122,"[99, 41, 7, 36, 37, 33, 39, 95, 32, 35, 29, 90, 26, 27, 67, 24, 25, 23, 66, 22, 21, 20, 19, 81, 61, 10, 14, 18, 11, 5, 56, 2, 57, 6, 54, 16, 55, 94, 15, 51, 8, 53, 17, 46, 12, 49, 1, 13, 45, 44, 3, 42, 93, 4, 9]",128.91117458805863,113.85253343840759,132.5986860538186,<module 'time' (built-in)>,111.2463885300124,113.85253343840759,113.85253343840759,139.5458626069282,101.05099844633149,140.33628489173756
24,"[15, 20]",97.88459465374463,[9],0.749968751302029,"[86, 77, 72, 69, 84, 91, 75, 82, 80, 74, 71, 79, 65, 68, 76, 73, 70, 64, 62, 63, 60, 58, 59, 52, 57, 54, 55, 48, 50, 46, 49, 47, 45, 44, 42, 43, 40, 36, 38, 37, 33, 30, 34, 32, 31, 35, 29, 26, 27, 28, 24, 25, 23, 22, 21, 20, 19, 10, 14, 18, 11, 5, 2, 6, 16, 15, 8, 17, 12, 1, 13, 83, 3, 4, 9, 7, 89, 92]",128.91117458805863,101.05099844633149,98.07474873537576,124.32234426120245,121.36640539797784,98.07474873537576,124.32234426120245,98.07474873537576,113.85253343840759,<module 'time' (built-in)>
25,"[17, 24]",98.4860739200111,[9],0.7999680012799487,"[90, 86, 77, 72, 93, 69, 84, 91, 75, 82, 80, 74, 71, 79, 65, 68, 76, 67, 73, 70, 66, 64, 62, 63, 81, 61, 60, 58, 59, 52, 56, 57, 54, 55, 51, 48, 53, 50, 46, 49, 47, 45, 44, 42, 43, 40, 41, 36, 38, 37, 33, 30, 39, 34, 32, 31, 35, 29, 26, 27, 28, 24, 25, 23, 22, 21, 20, 19, 10, 14, 18, 11, 5, 2, 6, 16, 15, 8, 17, 12, 1, 13, 83, 3, 4, 9, 7, 95, 89, 94, 92]",128.91117458805863,101.05099844633149,98.07474873537576,124.32234426120245,121.36640539797784,110.44888494837267,124.32234426120245,98.07474873537576,113.85253343840759,<module 'time' (built-in)>
26,[19],98.62695695614839,[0],0.6153609476558594,"[69, 7, 36, 84, 38, 91, 37, 75, 33, 30, 82, 34, 80, 32, 89, 74, 31, 71, 35, 79, 29, 65, 26, 68, 27, 76, 28, 40, 24, 73, 25, 70, 23, 22, 21, 62, 20, 19, 10, 60, 14, 58, 18, 59, 11, 52, 5, 2, 57, 6, 54, 16, 55, 15, 8, 48, 50, 17, 88, 46, 12, 49, 1, 47, 13, 77, 45, 72, 44, 3, 83, 42, 43, 4, 9]",<module 'time' (built-in)>,128.91117458805863,132.5986860538186,152.22364071454106,139.5458626069282,146.9944596021912,154.9074776031904,139.5458626069282,154.9074776031904,150.67280545724108
27,"[23, 21]",105.65661618677797,[8],0.6666419762231028,"[99, 41, 7, 87, 36, 38, 37, 33, 30, 85, 39, 34, 95, 32, 31, 71, 35, 29, 4, 65, 26, 90, 68, 27, 28, 67, 24, 73, 25, 78, 23, 66, 22, 21, 96, 62, 20, 19, 81, 61, 10, 14, 18, 59, 11, 52, 5, 56, 2, 57, 6, 54, 16, 55, 15, 94, 51, 8, 48, 53, 50, 17, 46, 12, 49, 1, 47, 13, 45, 44, 3, 42, 93, 43, 40, 9]",128.91117458805863,113.85253343840759,132.5986860538186,124.32234426120245,121.36640539797784,113.85253343840759,124.32234426120245,139.5458626069282,<module 'time' (built-in)>,140.33628489173756
28,[25],108.168014745532,[1],0.7499732152423128,"[90, 86, 77, 72, 93, 69, 84, 91, 75, 82, 80, 74, 71, 79, 65, 68, 76, 67, 73, 70, 66, 64, 62, 63, 81, 61, 60, 58, 59, 52, 56, 57, 54, 55, 51, 48, 53, 50, 88, 46, 49, 47, 45, 44, 42, 43, 40, 41, 36, 38, 37, 33, 98, 30, 39, 34, 32, 31, 35, 29, 26, 27, 28, 24, 25, 23, 22, 21, 20, 19, 10, 14, 18, 11, 5, 2, 6, 16, 15, 8, 17, 12, 1, 13, 83, 3, 4, 9, 7, 95, 89, 94, 100, 92]",128.91117458805863,<module 'time' (built-in)>,132.5986860538186,124.32234426120245,121.36640539797784,110.44888494837267,124.32234426120245,139.5458626069282,113.85253343840759,140.33628489173756
29,"[18, 23, 21, 22]",115.03862834269805,[6],0.6896313920209648,"[90, 77, 72, 93, 69, 87, 75, 85, 74, 71, 79, 65, 68, 67, 73, 78, 66, 62, 81, 61, 60, 58, 59, 52, 56, 57, 54, 55, 51, 48, 53, 50, 46, 49, 47, 45, 44, 42, 43, 40, 99, 41, 36, 38, 37, 33, 30, 39, 34, 32, 31, 35, 29, 26, 27, 28, 24, 25, 23, 22, 21, 20, 19, 10, 14, 18, 11, 5, 2, 6, 16, 110, 15, 8, 17, 12, 1, 13, 3, 4, 9, 7, 97, 102, 95, 105, 106, 96, 94, 107]",128.91117458805863,124.32234426120245,132.5986860538186,116.86487529144381,134.70926319178017,124.32234426120245,<module 'time' (built-in)>,139.5458626069282,154.9074776031904,147.37315348356697
30,[29],118.04972334255812,[6],0.6999766674444184,"[90, 77, 72, 93, 69, 87, 75, 85, 74, 71, 79, 65, 68, 67, 73, 78, 66, 62, 81, 61, 60, 58, 59, 52, 56, 57, 54, 55, 51, 48, 53, 50, 46, 49, 47, 45, 44, 42, 43, 40, 99, 41, 36, 38, 37, 33, 30, 39, 34, 32, 31, 35, 29, 26, 27, 28, 24, 25, 23, 22, 21, 20, 19, 10, 14, 18, 11, 5, 2, 6, 16, 110, 15, 8, 17, 12, 1, 13, 3, 4, 9, 7, 97, 102, 95, 105, 106, 96, 94, 107]",128.91117458805863,124.32234426120245,132.5986860538186,116.86487529144381,134.70926319178017,124.32234426120245,<module 'time' (built-in)>,139.5458626069282,154.9074776031904,147.37315348356697
31,"[18, 27, 28]",121.03969701763103,[1],0.8386826231411889,"[116, 111, 90, 109, 104, 118, 86, 77, 72, 93, 69, 87, 84, 91, 75, 85, 82, 80, 74, 71, 79, 65, 68, 76, 67, 73, 78, 70, 66, 64, 62, 63, 81, 61, 60, 58, 59, 52, 56, 57, 54, 55, 51, 48, 53, 50, 88, 46, 49, 47, 45, 44, 42, 43, 40, 99, 41, 36, 38, 37, 33, 98, 30, 39, 34, 32, 31, 35, 29, 115, 26, 113, 27, 28, 24, 25, 23, 22, 21, 20, 19, 10, 14, 18, 11, 5, 2, 6, 16, 15, 8, 17, 12, 1, 13, 119, 83, 3, 4, 9, 7, 112, 97, 95, 89, 106, 96, 94, 100, 107, 92]",128.91117458805863,<module 'time' (built-in)>,132.5986860538186,124.32234426120245,121.36640539797784,121.36640539797784,124.32234426120245,139.5458626069282,154.9074776031904,147.37315348356697
32,"[30, 31]",124.29083003015872,[3],0.9374707040404988,"[116, 111, 90, 109, 104, 118, 86, 77, 72, 93, 69, 87, 84, 91, 75, 85, 82, 80, 74, 71, 79, 65, 68, 76, 67, 73, 78, 70, 66, 64, 62, 63, 81, 61, 60, 58, 59, 52, 56, 57, 54, 55, 51, 48, 53, 50, 88, 46, 49, 47, 45, 44, 42, 43, 40, 99, 41, 36, 38, 37, 33, 98, 30, 39, 34, 32, 31, 35, 29, 115, 26, 113, 27, 28, 24, 25, 23, 22, 21, 20, 19, 10, 14, 18, 11, 5, 2, 6, 16, 110, 15, 8, 17, 12, 1, 13, 119, 83, 3, 4, 9, 7, 112, 97, 102, 95, 89, 105, 106, 96, 94, 100, 107, 92]",128.91117458805863,124.32234426120245,132.5986860538186,<module 'time' (built-in)>,134.70926319178017,124.32234426120245,124.32234426120245,139.5458626069282,154.9074776031904,147.37315348356697
33,[25],127.50313768625585,[7],0.6363443532014181,"[90, 86, 77, 72, 93, 69, 84, 91, 75, 82, 80, 74, 71, 79, 65, 68, 76, 67, 73, 70, 66, 64, 62, 63, 81, 61, 60, 58, 59, 52, 56, 57, 54, 55, 51, 48, 53, 50, 88, 46, 49, 47, 45, 44, 42, 43, 40, 41, 36, 38, 37, 33, 98, 30, 39, 34, 32, 31, 35, 29, 26, 27, 28, 24, 25, 23, 22, 21, 20, 19, 10, 14, 18, 11, 5, 2, 6, 16, 15, 8, 17, 12, 1, 13, 83, 3, 4, 9, 7, 103, 95, 89, 94, 100, 92]",150.67280545724108,139.5458626069282,167.9853698437865,152.22364071454106,166.22017942272808,161.6506606236114,147.37315348356697,<module 'time' (built-in)>,140.33628489173756,131.72637828346743
34,[32],135.63004289608068,[3],0.9117378900620571,"[116, 120, 111, 90, 109, 104, 123, 118, 86, 77, 72, 93, 69, 87, 84, 91, 75, 85, 82, 80, 74, 71, 79, 65, 68, 76, 67, 73, 78, 70, 66, 64, 62, 63, 81, 61, 60, 58, 59, 52, 56, 57, 54, 55, 51, 48, 53, 50, 88, 46, 49, 47, 45, 44, 42, 43, 40, 99, 41, 36, 38, 37, 33, 98, 30, 39, 34, 32, 31, 35, 29, 115, 26, 113, 27, 28, 24, 25, 23, 22, 21, 20, 19, 10, 14, 18, 125, 11, 5, 2, 6, 121, 16, 110, 15, 8, 17, 12, 1, 13, 119, 83, 3, 4, 9, 127, 7, 112, 97, 102, 95, 89, 105, 106, 96, 94, 100, 107, 92]",139.5458626069282,154.9074776031904,150.67280545724108,<module 'time' (built-in)>,136.57188156425715,161.6506606236114,136.57188156425715,166.22017942272808,154.9074776031904,147.37315348356697
35,"[32, 26]",138.2041485374317,[2],0.94283020485129,"[116, 111, 90, 109, 104, 123, 118, 101, 86, 77, 72, 93, 69, 87, 84, 91, 75, 85, 132, 82, 80, 74, 71, 79, 65, 68, 76, 67, 73, 78, 70, 66, 64, 62, 63, 81, 61, 60, 58, 59, 52, 56, 57, 54, 55, 51, 48, 53, 50, 88, 46, 49, 47, 45, 44, 42, 43, 40, 99, 41, 36, 38, 37, 33, 98, 30, 39, 34, 32, 31, 35, 29, 115, 26, 113, 27, 28, 24, 25, 23, 22, 21, 20, 19, 114, 10, 14, 18, 11, 5, 2, 6, 121, 16, 110, 15, 117, 8, 17, 12, 1, 13, 108, 119, 83, 3, 122, 4, 9, 7, 112, 97, 102, 95, 89, 105, 106, 96, 94, 100, 107, 92]",161.6506606236114,171.049606935087,<module 'time' (built-in)>,168.84035737168165,150.67280545724108,146.9944596021912,166.22017942272808,166.22017942272808,178.99311141208753,178.99311141208753
36,[34],149.9570498217718,[3],0.8888641982167163,"[116, 120, 111, 90, 109, 104, 123, 118, 86, 77, 72, 93, 133, 69, 87, 84, 91, 75, 85, 82, 80, 74, 71, 79, 65, 68, 76, 67, 73, 78, 70, 66, 64, 62, 63, 81, 61, 60, 58, 59, 52, 56, 57, 54, 55, 51, 48, 53, 50, 88, 46, 49, 47, 45, 44, 42, 43, 40, 99, 41, 36, 38, 37, 33, 98, 30, 39, 34, 32, 31, 35, 29, 115, 26, 113, 27, 28, 24, 25, 23, 22, 21, 20, 19, 10, 14, 18, 125, 11, 5, 2, 6, 121, 16, 110, 15, 8, 17, 12, 1, 13, 119, 83, 3, 4, 9, 127, 7, 112, 97, 102, 95, 89, 105, 106, 96, 94, 141, 100, 107, 92]",153.77094898021278,194.22488218536094,178.99311141208753,<module 'time' (built-in)>,183.97141444664294,161.6506606236114,194.22488218536094,166.22017942272808,157.41628155760336,152.22364071454106
37,"[33, 26, 34]",150.1458761353094,[0],0.945920380530256,"[116, 126, 120, 111, 90, 109, 129, 104, 123, 124, 118, 101, 86, 77, 72, 93, 133, 69, 87, 84, 91, 75, 85, 82, 80, 74, 71, 79, 65, 68, 76, 67, 73, 78, 70, 66, 64, 62, 63, 81, 61, 60, 58, 59, 52, 56, 57, 54, 55, 51, 48, 144, 53, 50, 88, 46, 49, 47, 45, 44, 42, 43, 40, 99, 41, 36, 38, 37, 33, 98, 30, 39, 34, 32, 31, 35, 29, 115, 26, 113, 27, 28, 24, 25, 23, 22, 21, 20, 19, 114, 10, 14, 18, 125, 11, 5, 2, 6, 121, 16, 110, 15, 117, 8, 17, 12, 1, 140, 13, 108, 119, 83, 3, 122, 4, 9, 127, 7, 103, 112, 97, 102, 95, 89, 105, 128, 106, 96, 137, 94, 100, 107, 92]",<module 'time' (built-in)>,194.22488218536094,178.99311141208753,152.22364071454106,183.97141444664294,161.6506606236114,194.22488218536094,166.22017942272808,157.41628155760336,150.67280545724108
38,"[35, 34]",157.57919827811872,[2],0.9210283939896319,"[116, 120, 111, 90, 109, 139, 104, 123, 118, 101, 152, 86, 77, 72, 93, 69, 87, 84, 91, 75, 85, 132, 82, 80, 74, 71, 79, 65, 68, 76, 67, 73, 78, 70, 66, 64, 62, 63, 81, 61, 60, 58, 59, 52, 56, 57, 54, 55, 51, 48, 53, 50, 88, 46, 49, 47, 143, 45, 44, 42, 43, 40, 99, 41, 36, 38, 37, 33, 98, 30, 39, 34, 32, 31, 35, 29, 115, 26, 113, 27, 28, 24, 25, 23, 22, 21, 20, 19, 114, 10, 14, 136, 18, 125, 11, 5, 2, 6, 121, 16, 110, 15, 117, 8, 17, 12, 1, 13, 108, 119, 83, 3, 122, 4, 9, 127, 7, 134, 112, 97, 102, 95, 89, 105, 128, 106, 96, 148, 94, 100, 107, 92]",209.45241725528825,171.049606935087,<module 'time' (built-in)>,208.89474870557487,161.6506606236114,205.4628432174922,166.22017942272808,204.7309310348017,222.23019567743498,178.99311141208753
39,"[33, 34, 26]",158.2505216202191,[8],0.8974128868490552,"[116, 126, 120, 111, 90, 109, 149, 129, 104, 123, 124, 118, 101, 86, 77, 72, 93, 133, 69, 87, 84, 91, 75, 85, 82, 80, 74, 71, 79, 65, 68, 76, 67, 73, 78, 70, 66, 64, 62, 63, 81, 61, 60, 58, 59, 52, 56, 57, 54, 55, 51, 145, 48, 53, 50, 88, 46, 49, 47, 45, 44, 42, 43, 40, 99, 41, 36, 38, 37, 33, 98, 30, 39, 34, 32, 31, 35, 29, 115, 26, 113, 27, 28, 24, 25, 23, 22, 21, 130, 20, 131, 19, 114, 10, 14, 18, 125, 11, 5, 2, 6, 121, 16, 110, 15, 117, 8, 17, 12, 1, 140, 13, 108, 119, 83, 3, 122, 4, 9, 127, 7, 103, 112, 97, 102, 95, 89, 105, 146, 106, 96, 138, 137, 147, 151, 94, 100, 107, 92]",188.17604244893772,194.22488218536094,178.99311141208753,157.41628155760336,183.97141444664294,168.84035737168165,194.22488218536094,172.43598835480702,<module 'time' (built-in)>,166.22017942272808
40,[38],163.06892157478802,[2],0.899977500562486,"[116, 120, 111, 90, 109, 139, 104, 123, 118, 101, 152, 86, 77, 72, 93, 69, 87, 84, 91, 75, 85, 132, 82, 80, 74, 71, 79, 65, 68, 76, 67, 73, 78, 70, 66, 64, 62, 63, 81, 61, 60, 58, 59, 52, 56, 57, 54, 55, 51, 48, 53, 50, 88, 46, 49, 47, 143, 45, 44, 42, 43, 40, 99, 41, 36, 38, 37, 33, 98, 30, 39, 34, 32, 31, 35, 29, 115, 26, 113, 27, 28, 24, 25, 23, 22, 21, 20, 19, 114, 10, 14, 136, 18, 125, 11, 5, 2, 6, 121, 16, 110, 15, 117, 8, 17, 12, 1, 13, 108, 119, 83, 3, 122, 4, 9, 127, 7, 134, 112, 97, 102, 95, 89, 105, 155, 128, 106, 96, 148, 94, 100, 107, 92]",209.45241725528825,171.049606935087,<module 'time' (built-in)>,208.89474870557487,167.9853698437865,205.4628432174922,167.9853698437865,204.7309310348017,222.23019567743498,178.99311141208753
41,"[36, 37]",163.12101329630283,[9],0.9024170142191654,"[116, 126, 120, 111, 90, 109, 129, 104, 123, 124, 118, 101, 86, 77, 72, 93, 133, 69, 87, 84, 91, 75, 85, 82, 80, 74, 71, 79, 65, 68, 76, 67, 73, 78, 70, 66, 64, 62, 63, 81, 61, 60, 58, 59, 52, 56, 57, 54, 55, 51, 48, 144, 53, 50, 88, 46, 49, 47, 45, 44, 42, 43, 40, 99, 41, 36, 38, 37, 33, 98, 30, 39, 34, 32, 31, 35, 29, 115, 26, 113, 27, 28, 24, 25, 23, 22, 21, 20, 19, 114, 10, 14, 18, 125, 11, 5, 2, 6, 121, 16, 110, 15, 117, 8, 17, 12, 1, 140, 13, 108, 119, 83, 3, 122, 4, 9, 127, 7, 103, 112, 97, 102, 95, 89, 105, 128, 106, 96, 137, 94, 141, 100, 107, 92]",189.52998553166574,194.22488218536094,178.99311141208753,188.17604244893772,183.97141444664294,178.99311141208753,194.22488218536094,188.17604244893772,166.22017942272808,<module 'time' (built-in)>
42,"[37, 36, 35]",166.98875862119522,[0],0.9047403633246828,"[116, 126, 120, 111, 135, 90, 142, 109, 139, 158, 129, 104, 123, 124, 157, 153, 118, 101, 86, 77, 72, 93, 133, 69, 87, 84, 91, 75, 85, 132, 82, 80, 74, 71, 79, 65, 68, 76, 67, 73, 78, 70, 66, 64, 62, 63, 81, 61, 60, 58, 59, 52, 56, 57, 54, 55, 51, 48, 144, 53, 50, 88, 46, 49, 47, 143, 45, 44, 42, 43, 40, 99, 41, 36, 38, 37, 33, 98, 30, 39, 34, 32, 31, 35, 29, 115, 26, 113, 27, 28, 24, 25, 23, 22, 21, 130, 20, 131, 19, 114, 10, 14, 136, 18, 125, 11, 5, 2, 6, 121, 16, 110, 15, 117, 8, 17, 12, 1, 140, 13, 108, 119, 83, 3, 122, 4, 9, 127, 7, 103, 134, 112, 97, 102, 95, 89, 105, 128, 106, 96, 137, 150, 94, 141, 100, 107, 92]",<module 'time' (built-in)>,208.89474870557487,209.45241725528825,172.43598835480702,204.7309310348017,176.99447956961865,215.38724038816574,167.9853698437865,178.99311141208753,208.89474870557487
43,"[34, 26, 33]",167.00387122036543,[1],0.8139345596614033,"[116, 126, 120, 159, 111, 90, 109, 149, 129, 104, 123, 124, 118, 101, 86, 77, 72, 93, 133, 69, 87, 84, 91, 75, 85, 82, 80, 74, 71, 79, 65, 68, 76, 67, 73, 78, 70, 66, 64, 62, 63, 81, 61, 60, 58, 59, 52, 56, 57, 54, 55, 51, 145, 48, 53, 50, 88, 46, 49, 47, 45, 44, 42, 43, 40, 99, 41, 36, 38, 37, 33, 98, 30, 39, 34, 32, 31, 35, 29, 115, 26, 113, 27, 28, 24, 25, 23, 22, 21, 130, 20, 131, 19, 114, 10, 14, 18, 125, 11, 5, 2, 6, 121, 16, 110, 15, 117, 8, 17, 12, 1, 140, 13, 108, 119, 83, 3, 122, 4, 9, 127, 7, 103, 112, 97, 102, 95, 89, 105, 146, 106, 96, 138, 137, 147, 151, 94, 100, 107, 92]",209.45241725528825,<module 'time' (built-in)>,172.43598835480702,208.89474870557487,171.049606935087,205.4628432174922,189.52998553166574,204.7309310348017,222.23019567743498,178.99311141208753
44,"[42, 39]",182.10335935895898,[3],0.9090702484034454,"[116, 126, 120, 154, 111, 135, 160, 90, 142, 109, 149, 139, 158, 129, 104, 123, 124, 157, 153, 118, 101, 86, 77, 72, 93, 133, 162, 69, 87, 167, 84, 91, 75, 85, 132, 82, 80, 74, 71, 79, 65, 68, 76, 67, 73, 78, 70, 66, 64, 62, 63, 81, 61, 60, 58, 59, 52, 56, 57, 54, 55, 51, 145, 48, 144, 53, 50, 88, 46, 49, 47, 143, 45, 44, 42, 43, 40, 99, 41, 36, 38, 37, 33, 98, 30, 39, 34, 32, 31, 35, 29, 115, 26, 113, 27, 28, 24, 25, 23, 22, 21, 130, 20, 131, 19, 114, 10, 14, 136, 18, 125, 11, 5, 2, 6, 121, 16, 110, 15, 117, 8, 17, 12, 1, 140, 13, 108, 119, 83, 3, 122, 4, 9, 127, 7, 103, 134, 112, 97, 102, 95, 89, 105, 128, 146, 106, 96, 138, 137, 147, 151, 150, 94, 141, 100, 107, 92]",188.17604244893772,208.89474870557487,209.45241725528825,<module 'time' (built-in)>,204.7309310348017,188.17604244893772,215.38724038816574,184.53396726737694,188.17604244893772,208.89474870557487
45,"[41, 39, 40, 43]",193.89395586431192,[9],0.9555343214595232,"[116, 126, 120, 154, 159, 111, 90, 161, 109, 149, 139, 129, 104, 123, 124, 118, 101, 152, 86, 77, 72, 93, 133, 69, 87, 84, 91, 75, 170, 85, 132, 82, 80, 74, 71, 79, 65, 68, 177, 76, 67, 73, 78, 70, 66, 64, 62, 63, 81, 61, 60, 58, 59, 52, 56, 57, 54, 55, 51, 145, 48, 144, 53, 181, 50, 88, 46, 49, 47, 143, 45, 44, 42, 43, 40, 99, 41, 36, 38, 37, 33, 98, 30, 39, 34, 32, 31, 35, 29, 115, 26, 113, 27, 28, 24, 25, 23, 22, 21, 130, 20, 131, 19, 114, 10, 14, 136, 18, 125, 11, 5, 2, 6, 121, 16, 110, 15, 117, 8, 17, 12, 1, 140, 13, 108, 119, 83, 3, 156, 122, 4, 9, 127, 7, 103, 134, 112, 97, 102, 95, 89, 105, 155, 128, 146, 106, 96, 138, 148, 137, 147, 151, 94, 141, 174, 100, 107, 92]",209.45241725528825,202.560116338526,194.22488218536094,208.89474870557487,222.23019567743498,209.45241725528825,202.560116338526,209.45241725528825,222.23019567743498,<module 'time' (built-in)>
46,"[41, 40, 39, 43]",201.84132210913137,[4],0.9347622877763527,"[116, 126, 120, 154, 159, 111, 90, 161, 164, 109, 149, 139, 129, 104, 123, 124, 118, 101, 152, 86, 77, 72, 93, 133, 69, 87, 84, 91, 168, 75, 170, 85, 132, 82, 80, 74, 71, 79, 65, 68, 177, 76, 67, 73, 78, 70, 66, 64, 178, 62, 63, 81, 61, 60, 58, 59, 171, 52, 56, 57, 54, 55, 51, 145, 48, 144, 53, 50, 88, 46, 49, 47, 143, 45, 44, 42, 43, 40, 99, 41, 36, 38, 37, 33, 98, 30, 39, 34, 32, 31, 35, 29, 115, 26, 113, 27, 28, 24, 25, 23, 22, 21, 130, 20, 131, 19, 114, 10, 14, 136, 18, 125, 11, 5, 2, 6, 121, 16, 110, 15, 117, 8, 17, 12, 1, 140, 13, 108, 119, 83, 3, 156, 122, 4, 9, 127, 7, 103, 134, 112, 97, 102, 95, 89, 105, 155, 128, 146, 106, 96, 138, 187, 148, 137, 147, 151, 94, 141, 100, 107, 92]",237.33437646861336,224.71077833080454,209.45241725528825,230.25874965780426,<module 'time' (built-in)>,205.4628432174922,218.6324526325704,204.7309310348017,230.25874965780426,236.54909180851794
47,"[41, 44]",214.18300478187697,[8],0.8935980085530095,"[116, 126, 120, 154, 191, 111, 135, 160, 90, 142, 109, 149, 139, 165, 158, 129, 104, 123, 124, 157, 153, 118, 101, 86, 180, 77, 179, 72, 93, 133, 162, 69, 186, 87, 167, 84, 176, 91, 75, 173, 85, 132, 82, 80, 74, 71, 169, 79, 65, 68, 76, 67, 73, 78, 70, 66, 64, 62, 63, 81, 61, 182, 60, 58, 59, 52, 175, 56, 57, 183, 54, 55, 163, 51, 145, 48, 144, 53, 50, 88, 46, 49, 47, 143, 45, 44, 42, 43, 40, 99, 41, 36, 38, 37, 33, 98, 30, 39, 34, 32, 31, 35, 29, 115, 26, 113, 27, 28, 24, 25, 23, 22, 21, 130, 20, 131, 19, 114, 10, 14, 136, 18, 125, 11, 5, 2, 6, 121, 16, 110, 15, 117, 8, 166, 17, 12, 1, 140, 13, 108, 119, 83, 3, 122, 4, 9, 127, 7, 103, 134, 112, 97, 102, 95, 89, 105, 172, 128, 146, 106, 96, 138, 137, 147, 151, 150, 94, 141, 100, 107, 92]",222.23019567743498,246.8069411627572,236.54909180851794,249.59455084196912,249.59455084196912,244.9444827472248,262.6913179935023,230.25874965780426,<module 'time' (built-in)>,222.23019567743498
48,[47],214.96953940796854,[8],0.8958146705276974,"[116, 126, 120, 154, 191, 111, 135, 160, 90, 205, 142, 109, 149, 139, 165, 158, 129, 104, 123, 124, 157, 153, 118, 101, 86, 180, 77, 179, 72, 93, 133, 162, 69, 186, 87, 167, 84, 176, 91, 75, 173, 85, 132, 82, 80, 74, 71, 169, 79, 65, 68, 76, 67, 73, 78, 70, 66, 64, 62, 63, 81, 61, 182, 60, 58, 59, 52, 175, 56, 57, 183, 54, 55, 163, 51, 145, 48, 144, 53, 50, 88, 46, 49, 47, 143, 45, 44, 42, 43, 40, 99, 41, 36, 38, 37, 33, 98, 30, 39, 34, 32, 31, 35, 29, 115, 26, 113, 27, 28, 24, 25, 23, 22, 21, 130, 20, 131, 19, 114, 10, 14, 136, 18, 125, 11, 5, 2, 6, 121, 16, 110, 15, 117, 8, 166, 17, 12, 1, 140, 13, 108, 119, 83, 3, 122, 4, 9, 127, 7, 103, 134, 112, 97, 102, 95, 89, 105, 172, 128, 146, 106, 96, 138, 137, 147, 151, 150, 94, 141, 100, 107, 92]",222.23019567743498,246.8069411627572,236.54909180851794,249.59455084196912,249.59455084196912,244.9444827472248,262.6913179935023,230.25874965780426,<module 'time' (built-in)>,222.23019567743498
49,[48],215.8278130780374,[8],0.8979408583498296,"[116, 126, 120, 154, 191, 111, 135, 160, 90, 205, 142, 109, 149, 139, 165, 158, 129, 104, 123, 124, 157, 153, 118, 101, 86, 180, 77, 179, 72, 93, 133, 162, 69, 186, 87, 167, 84, 176, 91, 75, 173, 85, 132, 82, 80, 74, 71, 169, 79, 65, 68, 76, 67, 73, 78, 70, 66, 64, 62, 63, 81, 61, 182, 60, 58, 59, 52, 175, 56, 57, 183, 54, 55, 163, 51, 145, 48, 144, 53, 50, 88, 46, 49, 47, 143, 45, 44, 42, 43, 40, 99, 41, 36, 38, 37, 33, 98, 30, 39, 34, 32, 31, 35, 29, 115, 26, 113, 27, 28, 24, 25, 23, 22, 21, 130, 20, 131, 19, 114, 10, 14, 136, 18, 125, 11, 5, 2, 6, 121, 16, 110, 15, 117, 8, 166, 17, 12, 1, 140, 13, 108, 119, 83, 3, 122, 4, 9, 127, 7, 103, 134, 112, 97, 102, 95, 89, 105, 172, 128, 146, 106, 96, 138, 137, 147, 151, 150, 94, 141, 100, 107, 92]",222.23019567743498,246.8069411627572,236.54909180851794,249.59455084196912,249.59455084196912,244.9444827472248,262.6913179935023,230.25874965780426,<module 'time' (built-in)>,222.23019567743498
50,"[44, 46, 45]",216.86682026237767,[2],0.9399812003759925,"[116, 126, 120, 154, 159, 111, 189, 135, 160, 90, 161, 164, 142, 109, 149, 139, 165, 158, 201, 129, 104, 123, 124, 157, 153, 118, 101, 152, 86, 180, 77, 179, 72, 93, 133, 162, 69, 186, 87, 167, 84, 176, 91, 168, 75, 170, 173, 85, 132, 82, 192, 80, 193, 74, 71, 169, 79, 65, 68, 177, 76, 198, 67, 73, 78, 70, 66, 196, 64, 178, 62, 63, 81, 61, 182, 60, 185, 58, 59, 171, 52, 175, 56, 57, 183, 54, 55, 163, 51, 145, 48, 144, 53, 181, 50, 88, 46, 49, 190, 47, 143, 45, 44, 42, 43, 40, 99, 41, 36, 38, 37, 33, 98, 30, 39, 34, 32, 31, 35, 29, 115, 26, 113, 27, 28, 24, 25, 23, 22, 21, 130, 20, 131, 19, 114, 10, 14, 136, 18, 125, 11, 5, 2, 6, 121, 16, 110, 15, 117, 8, 166, 17, 12, 1, 140, 13, 108, 119, 83, 3, 156, 122, 4, 9, 127, 7, 103, 134, 112, 97, 102, 95, 89, 105, 155, 172, 128, 146, 106, 96, 138, 187, 148, 137, 147, 151, 150, 94, 141, 174, 100, 107, 92]",237.33437646861336,230.25874965780426,<module 'time' (built-in)>,236.54909180851794,222.23019567743498,240.92834844563785,224.71077833080454,244.9444827472248,244.9444827472248,236.54909180851794
51,[49],221.7376895399643,[8],0.8823356404776377,"[116, 126, 120, 154, 191, 111, 135, 160, 90, 205, 142, 109, 149, 139, 165, 158, 129, 104, 123, 124, 157, 153, 118, 101, 86, 180, 77, 179, 72, 93, 133, 162, 69, 186, 87, 167, 84, 176, 91, 75, 173, 85, 132, 82, 80, 74, 71, 169, 79, 65, 68, 76, 67, 73, 78, 70, 66, 64, 62, 63, 81, 61, 182, 60, 58, 59, 52, 175, 56, 57, 183, 54, 55, 163, 51, 145, 48, 144, 53, 50, 88, 46, 49, 47, 143, 45, 44, 42, 43, 40, 99, 41, 36, 38, 37, 33, 98, 30, 39, 34, 32, 31, 35, 29, 115, 26, 113, 27, 28, 24, 25, 23, 22, 21, 130, 20, 131, 19, 114, 10, 14, 136, 18, 125, 11, 5, 2, 6, 121, 16, 110, 15, 117, 8, 166, 17, 12, 1, 140, 13, 108, 119, 83, 3, 122, 4, 9, 207, 127, 7, 103, 134, 112, 97, 102, 95, 89, 105, 172, 128, 146, 106, 96, 138, 137, 147, 151, 150, 94, 141, 100, 107, 92]",222.23019567743498,246.8069411627572,236.54909180851794,249.59455084196912,249.59455084196912,244.9444827472248,262.6913179935023,230.25874965780426,<module 'time' (built-in)>,222.23019567743498
52,[50],233.5498690867811,[6],0.9230591719390012,"[116, 126, 120, 154, 212, 159, 206, 111, 202, 189, 135, 160, 90, 161, 164, 142, 109, 149, 139, 165, 158, 197, 201, 204, 129, 104, 203, 123, 124, 157, 153, 118, 101, 152, 86, 180, 77, 179, 72, 93, 133, 162, 69, 186, 87, 167, 84, 176, 91, 168, 75, 170, 200, 173, 85, 132, 82, 192, 80, 193, 74, 188, 71, 169, 79, 194, 65, 195, 68, 177, 76, 198, 67, 199, 73, 78, 70, 66, 196, 64, 178, 62, 63, 81, 61, 182, 60, 185, 58, 59, 171, 52, 175, 56, 57, 183, 54, 55, 163, 51, 145, 48, 144, 53, 181, 50, 88, 46, 49, 190, 47, 143, 45, 44, 42, 43, 40, 99, 41, 36, 38, 37, 33, 98, 30, 39, 34, 32, 31, 35, 29, 115, 26, 113, 27, 210, 28, 24, 25, 23, 22, 21, 130, 20, 131, 19, 114, 10, 14, 136, 18, 125, 11, 5, 2, 6, 121, 16, 110, 15, 117, 8, 166, 17, 12, 1, 140, 13, 108, 119, 83, 3, 156, 122, 4, 9, 127, 7, 103, 134, 112, 97, 102, 216, 95, 211, 89, 105, 155, 172, 128, 146, 106, 96, 138, 187, 148, 184, 137, 147, 151, 150, 94, 141, 174, 100, 107, 92]",246.8069411627572,240.92834844563785,269.7390789645895,244.9444827472248,262.6913179935023,269.7390789645895,<module 'time' (built-in)>,262.6913179935023,264.6049242273349,269.7390789645895
53,"[51, 50]",256.5533592711722,[4],0.9811135638950209,"[116, 126, 120, 154, 212, 191, 159, 206, 111, 202, 189, 135, 160, 90, 161, 164, 205, 142, 109, 149, 139, 165, 158, 197, 201, 204, 129, 104, 203, 123, 124, 157, 153, 118, 101, 152, 86, 180, 77, 179, 72, 93, 133, 162, 69, 186, 87, 167, 84, 176, 91, 168, 75, 170, 200, 173, 85, 132, 82, 192, 80, 193, 74, 188, 71, 169, 79, 194, 65, 195, 68, 177, 76, 198, 67, 199, 73, 78, 70, 66, 196, 64, 178, 62, 63, 81, 61, 182, 60, 185, 58, 59, 171, 52, 175, 56, 57, 183, 54, 55, 163, 51, 145, 48, 144, 53, 181, 50, 88, 46, 49, 190, 47, 143, 45, 44, 42, 43, 40, 99, 41, 36, 38, 37, 33, 98, 30, 236, 39, 34, 32, 234, 31, 35, 29, 115, 26, 113, 27, 210, 28, 217, 24, 25, 23, 220, 214, 22, 221, 21, 130, 20, 222, 131, 19, 223, 114, 10, 14, 136, 18, 125, 11, 5, 2, 6, 121, 16, 110, 15, 117, 8, 166, 17, 12, 1, 140, 13, 108, 119, 224, 83, 3, 225, 156, 215, 122, 219, 4, 9, 207, 127, 7, 103, 228, 134, 229, 112, 208, 97, 231, 102, 216, 95, 211, 89, 105, 155, 172, 128, 146, 106, 96, 138, 187, 148, 184, 246, 137, 245, 147, 151, 150, 242, 94, 141, 240, 174, 238, 100, 213, 107, 209, 233, 232, 218, 92]",264.6049242273349,282.6904220291209,269.7390789645895,277.9996109544691,<module 'time' (built-in)>,274.90393064109486,262.6913179935023,274.90393064109486,264.6049242273349,269.7390789645895
54,"[51, 50]",262.76212133828966,[9],0.9629451306457288,"[235, 116, 126, 120, 154, 212, 191, 159, 206, 111, 202, 189, 135, 160, 90, 161, 164, 205, 142, 109, 149, 139, 165, 158, 197, 201, 204, 129, 104, 203, 123, 124, 157, 153, 118, 101, 152, 86, 180, 77, 179, 72, 93, 133, 162, 69, 186, 87, 167, 84, 176, 91, 168, 75, 170, 200, 173, 85, 132, 82, 192, 80, 193, 74, 188, 71, 169, 79, 194, 65, 195, 68, 177, 76, 198, 67, 199, 73, 78, 70, 66, 196, 64, 178, 62, 63, 81, 61, 182, 60, 185, 58, 59, 171, 52, 175, 56, 57, 183, 54, 55, 163, 51, 145, 48, 144, 53, 181, 50, 88, 46, 49, 190, 47, 143, 45, 44, 42, 43, 40, 99, 41, 36, 38, 37, 33, 98, 30, 39, 34, 32, 31, 35, 29, 115, 26, 113, 27, 210, 28, 217, 24, 25, 23, 214, 22, 221, 21, 230, 130, 20, 222, 131, 19, 114, 10, 14, 136, 18, 125, 11, 5, 2, 6, 121, 16, 110, 15, 117, 8, 166, 17, 12, 1, 140, 13, 108, 119, 224, 83, 3, 156, 122, 4, 9, 207, 127, 7, 226, 103, 227, 134, 112, 208, 97, 102, 95, 211, 89, 105, 155, 172, 128, 146, 106, 96, 138, 187, 148, 184, 137, 147, 244, 151, 150, 94, 241, 141, 174, 239, 100, 107, 218, 92]",274.90393064109486,282.6904220291209,296.5183654879617,277.9996109544691,269.7390789645895,274.90393064109486,297.97285364934265,282.6904220291209,297.97285364934265,<module 'time' (built-in)>
55,"[53, 52]",269.34224050652784,[0],0.9818003309030745,"[116, 126, 120, 154, 212, 191, 159, 206, 111, 202, 189, 135, 160, 90, 161, 164, 205, 142, 109, 149, 139, 165, 158, 197, 201, 204, 129, 104, 203, 123, 124, 157, 153, 118, 101, 152, 86, 180, 77, 179, 72, 93, 133, 162, 69, 186, 87, 167, 84, 176, 91, 168, 75, 170, 200, 173, 85, 132, 82, 192, 80, 193, 74, 188, 71, 169, 79, 194, 65, 195, 68, 177, 76, 198, 67, 199, 73, 78, 70, 66, 196, 64, 178, 62, 63, 81, 61, 182, 60, 185, 58, 59, 171, 52, 175, 56, 57, 183, 54, 55, 163, 51, 145, 48, 144, 53, 181, 50, 88, 46, 49, 190, 47, 143, 45, 44, 42, 43, 40, 99, 41, 36, 38, 37, 33, 98, 30, 236, 39, 34, 32, 234, 31, 35, 29, 115, 26, 113, 27, 210, 28, 217, 24, 25, 23, 220, 214, 22, 221, 21, 130, 20, 222, 131, 19, 223, 114, 10, 14, 136, 18, 125, 11, 5, 2, 6, 121, 16, 110, 15, 117, 8, 166, 17, 12, 1, 140, 13, 108, 119, 224, 83, 3, 225, 156, 215, 122, 219, 4, 9, 207, 127, 7, 226, 103, 227, 228, 134, 229, 112, 208, 97, 231, 102, 216, 95, 211, 89, 105, 260, 155, 172, 128, 256, 255, 146, 106, 96, 252, 138, 187, 250, 148, 248, 184, 246, 137, 245, 147, 151, 243, 150, 242, 94, 241, 141, 240, 174, 239, 238, 100, 237, 213, 107, 209, 233, 232, 218, 92]",<module 'time' (built-in)>,305.4264449247976,269.7390789645895,304.7572302297839,305.4264449247976,303.37024597755186,,282.6904220291209,297.97285364934265,274.90393064109486
56,"[53, 54, 52]",281.3428555181929,[5],0.9821253191907288,"[235, 116, 126, 120, 154, 212, 191, 159, 206, 111, 202, 189, 135, 160, 90, 161, 164, 205, 142, 109, 149, 139, 165, 158, 197, 201, 204, 129, 104, 203, 123, 124, 157, 153, 118, 101, 152, 86, 180, 77, 179, 72, 93, 133, 162, 69, 186, 87, 167, 84, 176, 91, 168, 75, 170, 200, 173, 85, 132, 82, 192, 80, 193, 74, 188, 71, 169, 79, 194, 65, 195, 68, 177, 76, 198, 67, 199, 73, 78, 70, 66, 196, 64, 178, 62, 63, 81, 61, 182, 60, 185, 58, 59, 171, 52, 175, 56, 57, 183, 54, 55, 163, 51, 145, 48, 144, 53, 181, 50, 88, 46, 49, 190, 47, 143, 45, 44, 42, 43, 40, 99, 41, 36, 38, 37, 33, 98, 30, 236, 39, 34, 32, 234, 31, 35, 29, 115, 26, 113, 27, 210, 28, 217, 24, 25, 23, 220, 214, 22, 221, 21, 230, 130, 20, 222, 131, 19, 223, 114, 10, 14, 136, 18, 125, 11, 5, 2, 6, 121, 16, 110, 15, 117, 8, 269, 166, 17, 12, 1, 140, 13, 264, 108, 119, 224, 83, 3, 225, 156, 215, 122, 219, 4, 9, 207, 127, 7, 226, 103, 227, 228, 134, 229, 112, 208, 97, 231, 102, 216, 95, 211, 89, 263, 262, 261, 105, 155, 259, 172, 258, 128, 257, 256, 255, 146, 254, 106, 253, 96, 138, 251, 187, 250, 148, 249, 247, 184, 246, 137, 245, 147, 244, 151, 243, 150, 242, 94, 241, 141, 240, 174, 239, 238, 100, 237, 213, 107, 209, 233, 232, 218, 92]",311.59488356628714,297.97285364934265,,297.97285364934265,293.95524092480616,<module 'time' (built-in)>,297.97285364934265,312.98061133085776,309.2583306080217,303.37024597755186
57,[56],283.9042700467141,[5],0.9824389045806214,"[235, 116, 126, 120, 154, 212, 191, 159, 206, 111, 202, 189, 135, 160, 90, 161, 164, 205, 142, 109, 149, 139, 165, 158, 197, 201, 204, 129, 104, 203, 123, 124, 157, 153, 118, 101, 152, 86, 180, 77, 179, 72, 93, 133, 162, 69, 186, 87, 167, 84, 176, 91, 168, 75, 170, 200, 173, 85, 132, 82, 192, 80, 193, 74, 188, 71, 169, 79, 194, 65, 195, 68, 177, 76, 198, 67, 199, 73, 78, 70, 66, 196, 64, 178, 62, 63, 81, 61, 182, 60, 185, 58, 59, 171, 52, 175, 56, 57, 183, 54, 55, 163, 51, 145, 48, 144, 53, 181, 50, 88, 46, 49, 190, 47, 143, 45, 44, 42, 43, 40, 99, 41, 36, 38, 37, 33, 98, 30, 236, 39, 34, 32, 234, 31, 35, 29, 115, 26, 113, 27, 210, 28, 217, 24, 25, 23, 220, 214, 22, 221, 21, 230, 130, 20, 222, 131, 19, 223, 114, 10, 14, 136, 18, 125, 11, 5, 2, 6, 121, 16, 272, 110, 15, 117, 8, 269, 166, 17, 12, 1, 140, 13, 264, 108, 119, 224, 83, 3, 225, 156, 215, 122, 219, 4, 9, 207, 127, 7, 226, 103, 227, 228, 134, 229, 112, 208, 97, 231, 102, 216, 95, 211, 89, 263, 262, 261, 105, 155, 259, 172, 258, 128, 257, 256, 255, 146, 254, 106, 253, 96, 138, 251, 187, 250, 148, 249, 247, 184, 246, 137, 245, 147, 244, 151, 243, 150, 242, 94, 241, 141, 240, 174, 239, 238, 100, 237, 213, 107, 209, 233, 232, 218, 92]",311.59488356628714,297.97285364934265,,297.97285364934265,293.95524092480616,<module 'time' (built-in)>,297.97285364934265,312.98061133085776,309.2583306080217,303.37024597755186
58,"[53, 52]",285.3416850428885,[6],0.9310184307167119,"[235, 116, 126, 120, 154, 212, 191, 159, 206, 111, 202, 189, 135, 160, 90, 161, 164, 205, 142, 109, 149, 139, 165, 158, 197, 201, 204, 129, 104, 203, 123, 124, 157, 153, 118, 101, 152, 86, 180, 77, 179, 72, 93, 133, 162, 69, 186, 87, 167, 84, 176, 91, 168, 75, 170, 200, 173, 85, 132, 82, 192, 80, 193, 74, 188, 71, 169, 79, 194, 65, 195, 68, 177, 76, 198, 67, 199, 73, 78, 70, 66, 196, 64, 178, 62, 63, 81, 61, 182, 60, 185, 58, 59, 171, 52, 175, 56, 57, 183, 54, 55, 163, 51, 145, 48, 144, 53, 181, 50, 88, 46, 49, 190, 47, 143, 45, 44, 42, 43, 40, 99, 41, 36, 38, 37, 33, 98, 30, 236, 39, 34, 32, 234, 31, 35, 29, 115, 26, 113, 27, 210, 28, 217, 24, 25, 23, 220, 214, 22, 221, 21, 230, 130, 20, 222, 131, 19, 223, 114, 10, 14, 136, 18, 125, 11, 5, 2, 6, 121, 16, 110, 15, 117, 8, 166, 268, 17, 12, 266, 1, 140, 13, 108, 119, 224, 83, 3, 225, 156, 215, 122, 219, 4, 9, 207, 127, 7, 226, 103, 227, 228, 134, 229, 112, 208, 97, 231, 102, 216, 95, 211, 89, 105, 260, 155, 172, 128, 256, 255, 146, 106, 253, 96, 252, 138, 187, 250, 148, 249, 248, 184, 246, 137, 245, 147, 244, 151, 243, 150, 242, 94, 241, 141, 240, 174, 239, 238, 100, 237, 213, 107, 209, 233, 232, 218, 92]",311.59488356628714,297.97285364934265,,297.97285364934265,297.97285364934265,297.97285364934265,<module 'time' (built-in)>,312.98061133085776,293.95524092480616,297.97285364934265
59,"[52, 53, 54]",286.29403943005894,[1],0.9321875900408468,"[235, 116, 126, 120, 154, 212, 191, 159, 206, 111, 202, 189, 135, 160, 90, 161, 164, 205, 142, 109, 149, 139, 165, 158, 197, 201, 204, 129, 104, 203, 123, 124, 157, 153, 118, 101, 152, 86, 180, 77, 179, 72, 93, 133, 162, 69, 186, 87, 167, 84, 176, 91, 168, 75, 170, 200, 173, 85, 132, 82, 192, 80, 193, 74, 188, 71, 169, 79, 194, 65, 195, 68, 177, 76, 198, 67, 199, 73, 78, 70, 66, 196, 64, 178, 62, 63, 81, 61, 182, 60, 185, 58, 59, 171, 52, 175, 56, 57, 183, 54, 55, 163, 51, 145, 48, 144, 53, 181, 50, 88, 46, 49, 190, 47, 143, 45, 44, 42, 43, 40, 99, 41, 36, 38, 37, 33, 98, 30, 236, 39, 34, 32, 234, 31, 35, 29, 115, 26, 113, 27, 210, 28, 217, 24, 25, 23, 220, 214, 22, 221, 21, 230, 130, 20, 222, 131, 19, 223, 114, 10, 14, 136, 18, 125, 11, 5, 2, 6, 121, 16, 110, 15, 271, 117, 8, 269, 166, 17, 267, 12, 1, 140, 13, 264, 108, 119, 224, 83, 3, 225, 156, 215, 122, 219, 4, 9, 207, 127, 7, 226, 103, 227, 228, 134, 229, 112, 208, 97, 231, 102, 216, 95, 211, 89, 263, 262, 261, 105, 155, 259, 172, 258, 128, 257, 256, 255, 146, 254, 106, 253, 96, 138, 251, 187, 250, 148, 249, 247, 184, 246, 137, 245, 147, 244, 151, 243, 150, 242, 94, 241, 141, 240, 174, 239, 238, 100, 237, 213, 107, 209, 233, 232, 218, 92]",311.59488356628714,<module 'time' (built-in)>,,296.5183654879617,297.97285364934265,297.97285364934265,297.97285364934265,312.98061133085776,309.2583306080217,303.37024597755186
60,"[54, 55]",286.93012229761774,[7],0.9333177780370328,"[235, 116, 126, 120, 154, 212, 191, 159, 206, 111, 202, 189, 135, 160, 90, 161, 164, 205, 142, 109, 149, 139, 165, 158, 197, 201, 204, 129, 104, 203, 123, 124, 157, 153, 118, 101, 152, 86, 180, 77, 179, 72, 93, 133, 162, 69, 186, 87, 167, 84, 176, 91, 168, 75, 170, 200, 173, 85, 132, 82, 192, 80, 193, 74, 188, 71, 169, 79, 194, 65, 195, 68, 177, 76, 198, 67, 199, 73, 78, 70, 66, 196, 64, 178, 62, 63, 81, 61, 182, 60, 185, 58, 59, 171, 52, 175, 56, 57, 183, 54, 55, 163, 51, 145, 48, 144, 53, 181, 50, 88, 46, 49, 190, 47, 143, 45, 44, 42, 43, 40, 99, 41, 36, 38, 37, 33, 98, 30, 236, 39, 34, 32, 234, 31, 35, 29, 115, 26, 113, 27, 210, 28, 217, 24, 25, 23, 220, 214, 22, 221, 21, 230, 130, 20, 222, 131, 19, 223, 114, 10, 14, 136, 18, 125, 11, 5, 2, 6, 273, 121, 16, 110, 15, 117, 8, 270, 166, 268, 17, 12, 266, 1, 265, 140, 13, 108, 119, 224, 83, 3, 225, 156, 215, 122, 219, 4, 9, 207, 127, 7, 226, 103, 227, 228, 134, 229, 112, 208, 97, 231, 102, 216, 95, 211, 89, 261, 105, 260, 155, 172, 128, 257, 256, 255, 146, 106, 253, 96, 252, 138, 187, 250, 148, 249, 248, 184, 246, 137, 245, 147, 244, 151, 243, 150, 242, 94, 241, 141, 240, 174, 239, 238, 100, 237, 213, 107, 209, 233, 232, 218, 92]",288.5818400510859,311.59488356628714,296.5183654879617,311.59488356628714,311.59488356628714,311.59488356628714,,<module 'time' (built-in)>,311.59488356628714,313.69629348389765
